https://www.community-playlink.com/contact/become-a-member/,https://www.community-playlink.com/services/group-membership-scheme.html,301,TRUE,FALSE,FALSE,FALSE
https://www.community-playlink.com/contact/new-toy-request/,https://www.community-playlink.com/contact.html,301,TRUE,FALSE,FALSE,FALSE
https://www.community-playlink.com/contact/party-hire/,https://www.community-playlink.com/services/party-hire.html,301,TRUE,FALSE,FALSE,FALSE
https://www.community-playlink.com/contact/request-a-toy/,https://www.community-playlink.com/contact.html,301,TRUE,FALSE,FALSE,FALSE
https://www.community-playlink.com/noticeboard/announcements/community-playlink-appears-on-itv-meridian/,https://www.community-playlink.com/noticeboard.html,301,TRUE,FALSE,FALSE,FALSE
https://www.community-playlink.com/noticeboard/announcements/save-community-playlink/,https://www.community-playlink.com/noticeboard.html,301,TRUE,FALSE,FALSE,FALSE
https://www.community-playlink.com/noticeboard/announcements/welcome-to-our-new-website/,https://www.community-playlink.com/noticeboard.html,301,TRUE,FALSE,FALSE,FALSE
https://www.community-playlink.com/noticeboard/announcements/weve-moved/,https://www.community-playlink.com/noticeboard.html,301,TRUE,FALSE,FALSE,FALSE
https://www.community-playlink.com/noticeboard/events/mayflower-studio-mast-family-fun-day/,https://www.community-playlink.com/noticeboard.html,301,TRUE,FALSE,FALSE,FALSE
https://www.community-playlink.com/noticeboard/in-the-media/our-closure-makes-the-news/,https://www.community-playlink.com/noticeboard.html,301,TRUE,FALSE,FALSE,FALSE
https://www.community-playlink.com/noticeboard/people/staff-updates/september-2024-update/,https://www.community-playlink.com/noticeboard.html,301,TRUE,FALSE,FALSE,FALSE
https://www.community-playlink.com/noticeboard/people/staff-updates/welcome-to-our-new-assistant-toy-librarian/,https://www.community-playlink.com/noticeboard.html,301,TRUE,FALSE,FALSE,FALSE
https://www.community-playlink.com/noticeboard/service-updates/closure-notice/,https://www.community-playlink.com/noticeboard.html,301,TRUE,FALSE,FALSE,FALSE
https://www.community-playlink.com/noticeboard/service-updates/january-update/,https://www.community-playlink.com/noticeboard.html,301,TRUE,FALSE,FALSE,FALSE
https://www.community-playlink.com/noticeboard/thank-yous/thank-you-marcel-and-jess-mulders/,https://www.community-playlink.com/noticeboard.html,301,TRUE,FALSE,FALSE,FALSE
https://www.community-playlink.com/noticeboard/uncategorised/why-is-play-important/,https://www.community-playlink.com/noticeboard.html,301,TRUE,FALSE,FALSE,FALSE
https://www.community-playlink.com/noticeboard/why-is-play-important/,https://www.community-playlink.com/noticeboard.html,301,TRUE,FALSE,FALSE,FALSE
https://www.community-playlink.com/services/toy-libraries/guidelines/,https://www.community-playlink.com/services/toy-libraries.html,301,TRUE,FALSE,FALSE,FALSE
